Date,Day,Phase,Week,Section,Exercise,Sets,Reps,Rest,Notes
1/14/2026,Wednesday,Phase 1 - Hypertrophy,1,Warm-up,Jump rope,1,2min,-,
1/14/2026,Wednesday,Phase 1 - Hypertrophy,1,Warm-up,Hip circles,1,10ea,-,slow controlled
1/14/2026,Wednesday,Phase 1 - Hypertrophy,1,Warm-up,Arm circles,1,10ea,-,
1/14/2026,Wednesday,Phase 1 - Hypertrophy,1,Warm-up,Leg swings front/back,1,10ea,-,
1/14/2026,Wednesday,Phase 1 - Hypertrophy,1,Warm-up,Band pull-aparts,1,15,-,
1/14/2026,Wednesday,Phase 1 - Hypertrophy,1,Warm-up,Goblet squat hold,1,30s,-,deep position
1/14/2026,Wednesday,Phase 1 - Hypertrophy,1,Main,Goblet Squat,3,10,90s,tempo 3-1-1
1/14/2026,Wednesday,Phase 1 - Hypertrophy,1,Main,Romanian Deadlift (barbell),3,10,90s,
1/14/2026,Wednesday,Phase 1 - Hypertrophy,1,Main,Bench Press,3,10,90s,
1/14/2026,Wednesday,Phase 1 - Hypertrophy,1,Main,Bent-Over Row,3,10,90s,
1/14/2026,Wednesday,Phase 1 - Hypertrophy,1,Main,Pallof Press,3,10ea,60s,ANTI-ROTATION
1/14/2026,Wednesday,Phase 1 - Hypertrophy,1,Main,Farmer's Walk,3,30m,60s,grip focus
1/14/2026,Wednesday,Phase 1 - Hypertrophy,1,Cool-down,Hip flexor stretch,1,30s ea,-,
1/14/2026,Wednesday,Phase 1 - Hypertrophy,1,Cool-down,Lat stretch,1,30s ea,-,
1/14/2026,Wednesday,Phase 1 - Hypertrophy,1,Cool-down,Foam roll thoracic,1,60s,-,
1/14/2026,Wednesday,Phase 1 - Hypertrophy,1,Cool-down,Deep breathing,1,60s,-,box breath 4-4-4
1/16/2026,Friday,Phase 1 - Hypertrophy,1,Warm-up,Jumping jacks,1,1min,-,
1/16/2026,Friday,Phase 1 - Hypertrophy,1,Warm-up,World's greatest stretch,1,5ea,-,
1/16/2026,Friday,Phase 1 - Hypertrophy,1,Warm-up,Cat-cow,1,10,-,
1/16/2026,Friday,Phase 1 - Hypertrophy,1,Warm-up,Ring support hold,1,20s,-,
1/16/2026,Friday,Phase 1 - Hypertrophy,1,Warm-up,Band face pulls,1,15,-,
1/16/2026,Friday,Phase 1 - Hypertrophy,1,Main,KB Goblet Squat (24kg),3,12,60s,
1/16/2026,Friday,Phase 1 - Hypertrophy,1,Main,Ring Rows,3,12,60s,feet elevated
1/16/2026,Friday,Phase 1 - Hypertrophy,1,Main,KB Floor Press (2x16kg),3,12,60s,
1/16/2026,Friday,Phase 1 - Hypertrophy,1,Main,KB Single-Leg Deadlift (24kg),3,10ea,60s,balance focus
1/16/2026,Friday,Phase 1 - Hypertrophy,1,Main,Ring Plank Hold,3,30s,60s,ANTI-ROTATION
1/16/2026,Friday,Phase 1 - Hypertrophy,1,Main,Towel Grip Dead Hang,3,30s,60s,judo grip
1/16/2026,Friday,Phase 1 - Hypertrophy,1,Cool-down,Forearm stretch,1,30s ea,-,
1/16/2026,Friday,Phase 1 - Hypertrophy,1,Cool-down,Shoulder stretch,1,30s ea,-,
1/16/2026,Friday,Phase 1 - Hypertrophy,1,Cool-down,Child's pose,1,60s,-,
1/16/2026,Friday,Phase 1 - Hypertrophy,1,Cool-down,Deep breathing,1,60s,-,
1/18/2026,Sunday,Phase 1 - Hypertrophy,1,Warm-up,High knees,1,30s,-,
1/18/2026,Sunday,Phase 1 - Hypertrophy,1,Warm-up,Butt kicks,1,30s,-,
1/18/2026,Sunday,Phase 1 - Hypertrophy,1,Warm-up,Bodyweight squats,1,10,-,
1/18/2026,Sunday,Phase 1 - Hypertrophy,1,Warm-up,Arm circles,1,10ea,-,
1/18/2026,Sunday,Phase 1 - Hypertrophy,1,Warm-up,KB Halo (16kg),1,10ea,-,
1/18/2026,Sunday,Phase 1 - Hypertrophy,1,Main,KB Swing (24kg),4,15,60s,hip hinge
1/18/2026,Sunday,Phase 1 - Hypertrophy,1,Main,Ring Push-ups,3,12,60s,
1/18/2026,Sunday,Phase 1 - Hypertrophy,1,Main,KB Goblet Reverse Lunge (24kg),3,10ea,60s,
1/18/2026,Sunday,Phase 1 - Hypertrophy,1,Main,Band Pull-Apart,3,15,45s,
1/18/2026,Sunday,Phase 1 - Hypertrophy,1,Main,Dead Bug,3,10ea,45s,ANTI-ROTATION
1/18/2026,Sunday,Phase 1 - Hypertrophy,1,Main,Band Uchi Komi,3,20,60s,judo specific
1/18/2026,Sunday,Phase 1 - Hypertrophy,1,Cool-down,Pigeon stretch,1,30s ea,-,
1/18/2026,Sunday,Phase 1 - Hypertrophy,1,Cool-down,Quad stretch,1,30s ea,-,
1/18/2026,Sunday,Phase 1 - Hypertrophy,1,Cool-down,Standing forward fold,1,60s,-,
1/18/2026,Sunday,Phase 1 - Hypertrophy,1,Cool-down,Deep breathing,1,60s,-,
1/21/2026,Wednesday,Phase 1 - Hypertrophy,2,Warm-up,Jump rope,1,2min,-,
1/21/2026,Wednesday,Phase 1 - Hypertrophy,2,Warm-up,Hip circles,1,10ea,-,
1/21/2026,Wednesday,Phase 1 - Hypertrophy,2,Warm-up,Leg swings,1,10ea,-,
1/21/2026,Wednesday,Phase 1 - Hypertrophy,2,Warm-up,Band pull-aparts,1,15,-,
1/21/2026,Wednesday,Phase 1 - Hypertrophy,2,Warm-up,Goblet squat hold,1,30s,-,
1/21/2026,Wednesday,Phase 1 - Hypertrophy,2,Main,Front Squat,3,10,90s,upright torso
1/21/2026,Wednesday,Phase 1 - Hypertrophy,2,Main,Romanian Deadlift,3,10,90s,+5lbs from wk1
1/21/2026,Wednesday,Phase 1 - Hypertrophy,2,Main,Incline Bench Press,3,10,90s,
1/21/2026,Wednesday,Phase 1 - Hypertrophy,2,Main,Lat Pulldown,3,10,90s,varied grip
1/21/2026,Wednesday,Phase 1 - Hypertrophy,2,Main,Pallof Press Hold,3,20s ea,60s,ANTI-ROTATION
1/21/2026,Wednesday,Phase 1 - Hypertrophy,2,Main,Suitcase Carry,3,30m ea,60s,oblique focus
1/21/2026,Wednesday,Phase 1 - Hypertrophy,2,Cool-down,Hip flexor stretch,1,30s ea,-,
1/21/2026,Wednesday,Phase 1 - Hypertrophy,2,Cool-down,Lat stretch,1,30s ea,-,
1/21/2026,Wednesday,Phase 1 - Hypertrophy,2,Cool-down,Deep breathing,1,60s,-,
1/23/2026,Friday,Phase 1 - Hypertrophy,2,Warm-up,Jumping jacks,1,1min,-,
1/23/2026,Friday,Phase 1 - Hypertrophy,2,Warm-up,World's greatest stretch,1,5ea,-,
1/23/2026,Friday,Phase 1 - Hypertrophy,2,Warm-up,Cat-cow,1,10,-,
1/23/2026,Friday,Phase 1 - Hypertrophy,2,Warm-up,Ring support hold,1,20s,-,
1/23/2026,Friday,Phase 1 - Hypertrophy,2,Main,KB Front Squat (2x16kg),3,10,60s,
1/23/2026,Friday,Phase 1 - Hypertrophy,2,Main,Ring Rows (feet elevated),3,12,60s,
1/23/2026,Friday,Phase 1 - Hypertrophy,2,Main,KB Floor Press (2x24kg),3,10,60s,heavier
1/23/2026,Friday,Phase 1 - Hypertrophy,2,Main,KB Romanian Deadlift (32kg),3,10,60s,
1/23/2026,Friday,Phase 1 - Hypertrophy,2,Main,Bird Dog,3,10ea,45s,ANTI-ROTATION
1/23/2026,Friday,Phase 1 - Hypertrophy,2,Main,Ring False Grip Hold,3,20s,60s,grip strength
1/23/2026,Friday,Phase 1 - Hypertrophy,2,Cool-down,Forearm stretch,1,30s ea,-,
1/23/2026,Friday,Phase 1 - Hypertrophy,2,Cool-down,Child's pose,1,60s,-,
1/25/2026,Sunday,Phase 1 - Hypertrophy,2,Warm-up,High knees,1,30s,-,
1/25/2026,Sunday,Phase 1 - Hypertrophy,2,Warm-up,Butt kicks,1,30s,-,
1/25/2026,Sunday,Phase 1 - Hypertrophy,2,Warm-up,KB Halo (16kg),1,10ea,-,
1/25/2026,Sunday,Phase 1 - Hypertrophy,2,Main,KB Swing (32kg),4,12,60s,heavier
1/25/2026,Sunday,Phase 1 - Hypertrophy,2,Main,Ring Dips (assisted if needed),3,8,60s,
1/25/2026,Sunday,Phase 1 - Hypertrophy,2,Main,KB Lateral Lunge (24kg),3,10ea,60s,
1/25/2026,Sunday,Phase 1 - Hypertrophy,2,Main,Band Face Pull,3,15,45s,
1/25/2026,Sunday,Phase 1 - Hypertrophy,2,Main,Hollow Body Hold,3,30s,45s,ANTI-ROTATION
1/25/2026,Sunday,Phase 1 - Hypertrophy,2,Main,Band Uchi Komi,3,25,60s,faster pace
1/25/2026,Sunday,Phase 1 - Hypertrophy,2,Cool-down,Pigeon stretch,1,30s ea,-,
1/25/2026,Sunday,Phase 1 - Hypertrophy,2,Cool-down,Deep breathing,1,60s,-,
1/28/2026,Wednesday,Phase 1 - Hypertrophy,3,Warm-up,Jump rope,1,2min,-,
1/28/2026,Wednesday,Phase 1 - Hypertrophy,3,Warm-up,Hip circles,1,10ea,-,
1/28/2026,Wednesday,Phase 1 - Hypertrophy,3,Warm-up,Leg swings,1,10ea,-,
1/28/2026,Wednesday,Phase 1 - Hypertrophy,3,Warm-up,Band pull-aparts,1,15,-,
1/28/2026,Wednesday,Phase 1 - Hypertrophy,3,Main,Back Squat,3,8,90s,increase load
1/28/2026,Wednesday,Phase 1 - Hypertrophy,3,Main,Trap Bar Deadlift,3,8,90s,
1/28/2026,Wednesday,Phase 1 - Hypertrophy,3,Main,Bench Press,3,8,90s,increase load
1/28/2026,Wednesday,Phase 1 - Hypertrophy,3,Main,Cable Row,3,10,90s,
1/28/2026,Wednesday,Phase 1 - Hypertrophy,3,Main,Pallof Press w/ Rotation,3,8ea,60s,ANTI-ROTATION
1/28/2026,Wednesday,Phase 1 - Hypertrophy,3,Main,Farmer's Walk (heavy),3,40m,90s,grip focus
1/28/2026,Wednesday,Phase 1 - Hypertrophy,3,Cool-down,Hip flexor stretch,1,30s ea,-,
1/28/2026,Wednesday,Phase 1 - Hypertrophy,3,Cool-down,Deep breathing,1,60s,-,
1/30/2026,Friday,Phase 1 - Hypertrophy,3,Warm-up,Jumping jacks,1,1min,-,
1/30/2026,Friday,Phase 1 - Hypertrophy,3,Warm-up,World's greatest stretch,1,5ea,-,
1/30/2026,Friday,Phase 1 - Hypertrophy,3,Warm-up,Ring support hold,1,20s,-,
1/30/2026,Friday,Phase 1 - Hypertrophy,3,Main,KB Goblet Squat (32kg),3,10,60s,heavier
1/30/2026,Friday,Phase 1 - Hypertrophy,3,Main,Ring Pull-ups (assisted),3,8,90s,
1/30/2026,Friday,Phase 1 - Hypertrophy,3,Main,KB Push Press (2x16kg),3,10,60s,
1/30/2026,Friday,Phase 1 - Hypertrophy,3,Main,KB Single-Leg RDL (24kg),3,10ea,60s,
1/30/2026,Friday,Phase 1 - Hypertrophy,3,Main,Ring Body Saw,3,10,60s,ANTI-ROTATION
1/30/2026,Friday,Phase 1 - Hypertrophy,3,Main,Gi Grip Pull-up Hold (towel),3,25s,60s,judo specific
1/30/2026,Friday,Phase 1 - Hypertrophy,3,Cool-down,Forearm stretch,1,30s ea,-,
1/30/2026,Friday,Phase 1 - Hypertrophy,3,Cool-down,Child's pose,1,60s,-,
2/1/2026,Sunday,Phase 1 - Hypertrophy,3,Warm-up,High knees,1,30s,-,
2/1/2026,Sunday,Phase 1 - Hypertrophy,3,Warm-up,Butt kicks,1,30s,-,
2/1/2026,Sunday,Phase 1 - Hypertrophy,3,Warm-up,KB Halo (16kg),1,10ea,-,
2/1/2026,Sunday,Phase 1 - Hypertrophy,3,Main,KB Swing (32kg),5,12,60s,volume
2/1/2026,Sunday,Phase 1 - Hypertrophy,3,Main,Ring Push-ups (tempo 3-1-1),3,10,60s,slow eccentric
2/1/2026,Sunday,Phase 1 - Hypertrophy,3,Main,KB Step-up (24kg),3,10ea,60s,
2/1/2026,Sunday,Phase 1 - Hypertrophy,3,Main,Band Pull-Apart (varied angles),3,15,45s,
2/1/2026,Sunday,Phase 1 - Hypertrophy,3,Main,Plank Shoulder Tap,3,12ea,45s,ANTI-ROTATION
2/1/2026,Sunday,Phase 1 - Hypertrophy,3,Main,Band Uchi Komi (power),4,15,60s,judo specific
2/1/2026,Sunday,Phase 1 - Hypertrophy,3,Cool-down,Pigeon stretch,1,30s ea,-,
2/1/2026,Sunday,Phase 1 - Hypertrophy,3,Cool-down,Deep breathing,1,60s,-,
2/4/2026,Wednesday,Phase 1 - Hypertrophy,4,Warm-up,Jump rope,1,2min,-,
2/4/2026,Wednesday,Phase 1 - Hypertrophy,4,Warm-up,Hip circles,1,10ea,-,
2/4/2026,Wednesday,Phase 1 - Hypertrophy,4,Warm-up,Leg swings,1,10ea,-,
2/4/2026,Wednesday,Phase 1 - Hypertrophy,4,Warm-up,Band pull-aparts,1,15,-,
2/4/2026,Wednesday,Phase 1 - Hypertrophy,4,Main,Front Squat,4,8,90s,peak week
2/4/2026,Wednesday,Phase 1 - Hypertrophy,4,Main,Romanian Deadlift,4,8,90s,increase load
2/4/2026,Wednesday,Phase 1 - Hypertrophy,4,Main,Incline Bench Press,4,8,90s,
2/4/2026,Wednesday,Phase 1 - Hypertrophy,4,Main,Pendlay Row,4,8,90s,explosive
2/4/2026,Wednesday,Phase 1 - Hypertrophy,4,Main,Cable Woodchop (high to low),3,10ea,60s,ROTATION
2/4/2026,Wednesday,Phase 1 - Hypertrophy,4,Main,Plate Pinch Walk,3,20m,60s,grip
2/4/2026,Wednesday,Phase 1 - Hypertrophy,4,Cool-down,Hip flexor stretch,1,30s ea,-,
2/4/2026,Wednesday,Phase 1 - Hypertrophy,4,Cool-down,Deep breathing,1,60s,-,
2/6/2026,Friday,Phase 1 - Hypertrophy,4,Warm-up,Jumping jacks,1,1min,-,
2/6/2026,Friday,Phase 1 - Hypertrophy,4,Warm-up,World's greatest stretch,1,5ea,-,
2/6/2026,Friday,Phase 1 - Hypertrophy,4,Warm-up,Ring support hold,1,20s,-,
2/6/2026,Friday,Phase 1 - Hypertrophy,4,Main,KB Front Squat (2x24kg),4,8,60s,heavy
2/6/2026,Friday,Phase 1 - Hypertrophy,4,Main,Ring Rows (feet high),4,10,60s,
2/6/2026,Friday,Phase 1 - Hypertrophy,4,Main,KB Floor Press (2x24kg),4,8,60s,
2/6/2026,Friday,Phase 1 - Hypertrophy,4,Main,KB Sumo Deadlift (32kg),4,10,60s,
2/6/2026,Friday,Phase 1 - Hypertrophy,4,Main,Ring Fallout,3,8,60s,ANTI-ROTATION
2/6/2026,Friday,Phase 1 - Hypertrophy,4,Main,Towel Grip Hang + Pull,3,5,60s,judo grip
2/6/2026,Friday,Phase 1 - Hypertrophy,4,Cool-down,Forearm stretch,1,30s ea,-,
2/6/2026,Friday,Phase 1 - Hypertrophy,4,Cool-down,Child's pose,1,60s,-,
2/8/2026,Sunday,Phase 1 - Hypertrophy,4,Warm-up,High knees,1,30s,-,
2/8/2026,Sunday,Phase 1 - Hypertrophy,4,Warm-up,Butt kicks,1,30s,-,
2/8/2026,Sunday,Phase 1 - Hypertrophy,4,Warm-up,KB Halo (16kg),1,10ea,-,
2/8/2026,Sunday,Phase 1 - Hypertrophy,4,Main,KB Swing (32kg),5,15,60s,volume peak
2/8/2026,Sunday,Phase 1 - Hypertrophy,4,Main,Ring Dips,4,8,60s,
2/8/2026,Sunday,Phase 1 - Hypertrophy,4,Main,KB Walking Lunge (2x16kg),3,12ea,60s,
2/8/2026,Sunday,Phase 1 - Hypertrophy,4,Main,Band W-Raise,3,15,45s,shoulder health
2/8/2026,Sunday,Phase 1 - Hypertrophy,4,Main,Dead Bug (weighted),3,10ea,45s,ANTI-ROTATION
2/8/2026,Sunday,Phase 1 - Hypertrophy,4,Main,Band Uchi Komi (max effort),4,20,60s,judo
2/8/2026,Sunday,Phase 1 - Hypertrophy,4,Cool-down,Pigeon stretch,1,30s ea,-,
2/8/2026,Sunday,Phase 1 - Hypertrophy,4,Cool-down,Deep breathing,1,60s,-,
2/11/2026,Wednesday,Phase 1 - DELOAD,5,Warm-up,Jump rope (light),1,2min,-,
2/11/2026,Wednesday,Phase 1 - DELOAD,5,Warm-up,Hip circles,1,10ea,-,
2/11/2026,Wednesday,Phase 1 - DELOAD,5,Main,Back Squat,2,8,90s,-10% load
2/11/2026,Wednesday,Phase 1 - DELOAD,5,Main,Romanian Deadlift,2,8,90s,-10% load
2/11/2026,Wednesday,Phase 1 - DELOAD,5,Main,Bench Press,2,8,90s,-10% load
2/11/2026,Wednesday,Phase 1 - DELOAD,5,Main,Bent-Over Row,2,8,90s,-10% load
2/11/2026,Wednesday,Phase 1 - DELOAD,5,Main,Pallof Press,2,10ea,60s,ANTI-ROTATION
2/11/2026,Wednesday,Phase 1 - DELOAD,5,Mobility,Hip 90/90 stretch,2,60s ea,-,
2/11/2026,Wednesday,Phase 1 - DELOAD,5,Mobility,Thoracic rotations,2,10ea,-,
2/11/2026,Wednesday,Phase 1 - DELOAD,5,Mobility,Foam roll full body,1,5min,-,
2/13/2026,Friday,Phase 1 - DELOAD,5,Warm-up,Jumping jacks,1,1min,-,
2/13/2026,Friday,Phase 1 - DELOAD,5,Warm-up,Cat-cow,1,10,-,
2/13/2026,Friday,Phase 1 - DELOAD,5,Main,KB Goblet Squat (24kg),2,10,60s,easy
2/13/2026,Friday,Phase 1 - DELOAD,5,Main,Ring Rows,2,10,60s,
2/13/2026,Friday,Phase 1 - DELOAD,5,Main,KB Floor Press (2x16kg),2,10,60s,
2/13/2026,Friday,Phase 1 - DELOAD,5,Main,Ring Support Hold,2,20s,60s,
2/13/2026,Friday,Phase 1 - DELOAD,5,Main,Dead Hang,2,30s,60s,grip
2/13/2026,Friday,Phase 1 - DELOAD,5,Mobility,Full body stretching,1,10min,-,
2/15/2026,Sunday,Phase 1 - DELOAD,5,Warm-up,Light movement,1,3min,-,
2/15/2026,Sunday,Phase 1 - DELOAD,5,Main,KB Swing (24kg),3,12,60s,easy
2/15/2026,Sunday,Phase 1 - DELOAD,5,Main,Ring Push-ups,2,10,60s,
2/15/2026,Sunday,Phase 1 - DELOAD,5,Main,KB Reverse Lunge (16kg),2,8ea,60s,
2/15/2026,Sunday,Phase 1 - DELOAD,5,Main,Band Uchi Komi (technique),3,15,60s,smooth
2/15/2026,Sunday,Phase 1 - DELOAD,5,Mobility,Extended mobility routine,1,15min,-,
2/18/2026,Wednesday,Phase 2 - Max Strength,6,Warm-up,Jump rope,1,2min,-,
2/18/2026,Wednesday,Phase 2 - Max Strength,6,Warm-up,Hip circles,1,10ea,-,
2/18/2026,Wednesday,Phase 2 - Max Strength,6,Warm-up,Leg swings,1,10ea,-,
2/18/2026,Wednesday,Phase 2 - Max Strength,6,Warm-up,Empty bar squat,1,10,-,groove pattern
2/18/2026,Wednesday,Phase 2 - Max Strength,6,Warm-up,Band pull-aparts,1,15,-,
2/18/2026,Wednesday,Phase 2 - Max Strength,6,Main,Back Squat,4,5,150s,heavy
2/18/2026,Wednesday,Phase 2 - Max Strength,6,Main,Bench Press,4,5,150s,heavy
2/18/2026,Wednesday,Phase 2 - Max Strength,6,Main,Weighted Pull-up,3,5,120s,add plate
2/18/2026,Wednesday,Phase 2 - Max Strength,6,Main,Pallof Press ISO Hold,3,30s ea,60s,ANTI-ROTATION
2/18/2026,Wednesday,Phase 2 - Max Strength,6,Main,Farmer's Walk (heavy),3,40m,90s,grip focus
2/18/2026,Wednesday,Phase 2 - Max Strength,6,Cool-down,Hip flexor stretch,1,30s ea,-,
2/18/2026,Wednesday,Phase 2 - Max Strength,6,Cool-down,Pec stretch,1,30s ea,-,
2/18/2026,Wednesday,Phase 2 - Max Strength,6,Cool-down,Lat stretch,1,30s ea,-,
2/18/2026,Wednesday,Phase 2 - Max Strength,6,Cool-down,Deep breathing,1,60s,-,
2/20/2026,Friday,Phase 2 - Max Strength,6,Warm-up,Jumping jacks,1,1min,-,
2/20/2026,Friday,Phase 2 - Max Strength,6,Warm-up,World's greatest stretch,1,5ea,-,
2/20/2026,Friday,Phase 2 - Max Strength,6,Warm-up,Ring support hold,1,20s,-,
2/20/2026,Friday,Phase 2 - Max Strength,6,Main,KB Front Squat (2x24kg),4,6,90s,
2/20/2026,Friday,Phase 2 - Max Strength,6,Main,Ring Pull-ups,4,max-2,90s,submaximal
2/20/2026,Friday,Phase 2 - Max Strength,6,Main,KB Floor Press (2x24kg),4,6,90s,
2/20/2026,Friday,Phase 2 - Max Strength,6,Main,KB Single-Leg RDL (32kg),3,6ea,90s,heavy
2/20/2026,Friday,Phase 2 - Max Strength,6,Main,Ring Ab Rollout,3,8,60s,ANTI-ROTATION
2/20/2026,Friday,Phase 2 - Max Strength,6,Main,Gi Grip Pull-up (towel),3,5,90s,judo grip
2/20/2026,Friday,Phase 2 - Max Strength,6,Cool-down,Forearm stretch,1,30s ea,-,
2/20/2026,Friday,Phase 2 - Max Strength,6,Cool-down,Child's pose,1,60s,-,
2/22/2026,Sunday,Phase 2 - Max Strength,6,Warm-up,High knees,1,30s,-,
2/22/2026,Sunday,Phase 2 - Max Strength,6,Warm-up,Butt kicks,1,30s,-,
2/22/2026,Sunday,Phase 2 - Max Strength,6,Warm-up,KB Halo (16kg),1,10ea,-,
2/22/2026,Sunday,Phase 2 - Max Strength,6,Main,KB Swing (32kg),5,10,90s,power focus
2/22/2026,Sunday,Phase 2 - Max Strength,6,Main,Ring Dips (weighted if avail),4,6,90s,
2/22/2026,Sunday,Phase 2 - Max Strength,6,Main,KB Bulgarian Split Squat (24kg),3,6ea,90s,
2/22/2026,Sunday,Phase 2 - Max Strength,6,Main,Ring Face Pull,3,12,60s,
2/22/2026,Sunday,Phase 2 - Max Strength,6,Main,Hollow Body Hold,3,30s,45s,ANTI-ROTATION
2/22/2026,Sunday,Phase 2 - Max Strength,6,Main,Band Uchi Komi (resistance),4,15,60s,judo
2/22/2026,Sunday,Phase 2 - Max Strength,6,Cool-down,Pigeon stretch,1,30s ea,-,
2/22/2026,Sunday,Phase 2 - Max Strength,6,Cool-down,Deep breathing,1,60s,-,
2/25/2026,Wednesday,Phase 2 - Max Strength,7,Warm-up,Jump rope,1,2min,-,
2/25/2026,Wednesday,Phase 2 - Max Strength,7,Warm-up,Hip circles,1,10ea,-,
2/25/2026,Wednesday,Phase 2 - Max Strength,7,Warm-up,Empty bar squat,1,10,-,
2/25/2026,Wednesday,Phase 2 - Max Strength,7,Main,Front Squat,4,5,150s,increase load
2/25/2026,Wednesday,Phase 2 - Max Strength,7,Main,Incline Bench Press,4,5,150s,
2/25/2026,Wednesday,Phase 2 - Max Strength,7,Main,Pendlay Row,4,5,120s,explosive
2/25/2026,Wednesday,Phase 2 - Max Strength,7,Main,Anti-Rotation Press (cable),3,8ea,60s,ANTI-ROTATION
2/25/2026,Wednesday,Phase 2 - Max Strength,7,Main,Suitcase Deadlift,3,6ea,90s,grip/oblique
2/25/2026,Wednesday,Phase 2 - Max Strength,7,Cool-down,Hip flexor stretch,1,30s ea,-,
2/25/2026,Wednesday,Phase 2 - Max Strength,7,Cool-down,Deep breathing,1,60s,-,
2/27/2026,Friday,Phase 2 - Max Strength,7,Warm-up,Jumping jacks,1,1min,-,
2/27/2026,Friday,Phase 2 - Max Strength,7,Warm-up,World's greatest stretch,1,5ea,-,
2/27/2026,Friday,Phase 2 - Max Strength,7,Main,KB Goblet Squat (32kg),4,6,90s,
2/27/2026,Friday,Phase 2 - Max Strength,7,Main,Ring Rows (feet very high),4,8,90s,challenging
2/27/2026,Friday,Phase 2 - Max Strength,7,Main,KB Push Press (2x24kg),4,5,90s,power
2/27/2026,Friday,Phase 2 - Max Strength,7,Main,KB RDL (32kg),4,6,90s,
2/27/2026,Friday,Phase 2 - Max Strength,7,Main,Ring Plank Saw,3,10,60s,ANTI-ROTATION
2/27/2026,Friday,Phase 2 - Max Strength,7,Main,Towel Dead Hang,3,35s,60s,grip
2/27/2026,Friday,Phase 2 - Max Strength,7,Cool-down,Forearm stretch,1,30s ea,-,
2/27/2026,Friday,Phase 2 - Max Strength,7,Cool-down,Child's pose,1,60s,-,
3/1/2026,Sunday,Phase 2 - Max Strength,7,Warm-up,High knees,1,30s,-,
3/1/2026,Sunday,Phase 2 - Max Strength,7,Warm-up,KB Halo (16kg),1,10ea,-,
3/1/2026,Sunday,Phase 2 - Max Strength,7,Main,KB Clean + Squat (2x24kg),4,5,90s,combo
3/1/2026,Sunday,Phase 2 - Max Strength,7,Main,Ring Push-up (feet elevated),4,8,90s,
3/1/2026,Sunday,Phase 2 - Max Strength,7,Main,KB Reverse Lunge (2x24kg),3,6ea,90s,
3/1/2026,Sunday,Phase 2 - Max Strength,7,Main,Band W-Raise,3,15,45s,
3/1/2026,Sunday,Phase 2 - Max Strength,7,Main,Side Plank,3,30s ea,45s,ANTI-ROTATION
3/1/2026,Sunday,Phase 2 - Max Strength,7,Main,Band Uchi Komi (heavy band),4,12,60s,judo
3/1/2026,Sunday,Phase 2 - Max Strength,7,Cool-down,Pigeon stretch,1,30s ea,-,
3/1/2026,Sunday,Phase 2 - Max Strength,7,Cool-down,Deep breathing,1,60s,-,
3/4/2026,Wednesday,Phase 2 - Max Strength,8,Warm-up,Jump rope,1,2min,-,
3/4/2026,Wednesday,Phase 2 - Max Strength,8,Warm-up,Hip circles,1,10ea,-,
3/4/2026,Wednesday,Phase 2 - Max Strength,8,Warm-up,Empty bar squat,1,10,-,
3/4/2026,Wednesday,Phase 2 - Max Strength,8,Main,Back Squat,5,4,180s,heavy
3/4/2026,Wednesday,Phase 2 - Max Strength,8,Main,Bench Press,5,4,180s,heavy
3/4/2026,Wednesday,Phase 2 - Max Strength,8,Main,Weighted Chin-up,4,4,120s,
3/4/2026,Wednesday,Phase 2 - Max Strength,8,Main,Landmine Anti-Rotation,3,8ea,60s,ANTI-ROTATION
3/4/2026,Wednesday,Phase 2 - Max Strength,8,Main,Farmer's Walk (max weight),3,30m,90s,grip
3/4/2026,Wednesday,Phase 2 - Max Strength,8,Cool-down,Hip flexor stretch,1,30s ea,-,
3/4/2026,Wednesday,Phase 2 - Max Strength,8,Cool-down,Deep breathing,1,60s,-,
3/6/2026,Friday,Phase 2 - Max Strength,8,Warm-up,Jumping jacks,1,1min,-,
3/6/2026,Friday,Phase 2 - Max Strength,8,Warm-up,World's greatest stretch,1,5ea,-,
3/6/2026,Friday,Phase 2 - Max Strength,8,Main,KB Front Squat (2x24kg),4,5,90s,strict
3/6/2026,Friday,Phase 2 - Max Strength,8,Main,Ring Pull-ups (slow eccentric),4,5,120s,4s down
3/6/2026,Friday,Phase 2 - Max Strength,8,Main,KB Floor Press (2x24kg),4,5,90s,pause at bottom
3/6/2026,Friday,Phase 2 - Max Strength,8,Main,KB Single-Leg Squat to Box,3,5ea,90s,
3/6/2026,Friday,Phase 2 - Max Strength,8,Main,Ring Fallout,3,8,60s,ANTI-ROTATION
3/6/2026,Friday,Phase 2 - Max Strength,8,Main,Gi Grip Rows (towel on rings),3,8,60s,judo
3/6/2026,Friday,Phase 2 - Max Strength,8,Cool-down,Forearm stretch,1,30s ea,-,
3/6/2026,Friday,Phase 2 - Max Strength,8,Cool-down,Child's pose,1,60s,-,
3/8/2026,Sunday,Phase 2 - Max Strength,8,Warm-up,High knees,1,30s,-,
3/8/2026,Sunday,Phase 2 - Max Strength,8,Warm-up,KB Halo (16kg),1,10ea,-,
3/8/2026,Sunday,Phase 2 - Max Strength,8,Main,KB Swing (32kg),6,10,90s,power
3/8/2026,Sunday,Phase 2 - Max Strength,8,Main,Ring Dips (pause at bottom),4,5,90s,2s pause
3/8/2026,Sunday,Phase 2 - Max Strength,8,Main,KB Walking Lunge (2x24kg),3,6ea,90s,heavy
3/8/2026,Sunday,Phase 2 - Max Strength,8,Main,Band Pull-Apart (pause),3,12,45s,
3/8/2026,Sunday,Phase 2 - Max Strength,8,Main,Dead Bug (slow),3,8ea,45s,ANTI-ROTATION
3/8/2026,Sunday,Phase 2 - Max Strength,8,Main,Band Uchi Komi (explosive),5,10,60s,judo
3/8/2026,Sunday,Phase 2 - Max Strength,8,Cool-down,Pigeon stretch,1,30s ea,-,
3/8/2026,Sunday,Phase 2 - Max Strength,8,Cool-down,Deep breathing,1,60s,-,
3/11/2026,Wednesday,Phase 2 - Max Strength,9,Warm-up,Jump rope,1,2min,-,
3/11/2026,Wednesday,Phase 2 - Max Strength,9,Warm-up,Hip circles,1,10ea,-,
3/11/2026,Wednesday,Phase 2 - Max Strength,9,Warm-up,Empty bar squat,1,10,-,
3/11/2026,Wednesday,Phase 2 - Max Strength,9,Main,Front Squat,5,3,180s,90%+
3/11/2026,Wednesday,Phase 2 - Max Strength,9,Main,Close-Grip Bench Press,4,4,180s,
3/11/2026,Wednesday,Phase 2 - Max Strength,9,Main,Weighted Pull-up,4,3,120s,max effort
3/11/2026,Wednesday,Phase 2 - Max Strength,9,Main,Cable Woodchop (controlled),3,8ea,60s,ROTATION
3/11/2026,Wednesday,Phase 2 - Max Strength,9,Main,Heavy Carry,3,30m,120s,grip
3/11/2026,Wednesday,Phase 2 - Max Strength,9,Cool-down,Hip flexor stretch,1,30s ea,-,
3/11/2026,Wednesday,Phase 2 - Max Strength,9,Cool-down,Deep breathing,1,60s,-,
3/13/2026,Friday,Phase 2 - Max Strength,9,Warm-up,Jumping jacks,1,1min,-,
3/13/2026,Friday,Phase 2 - Max Strength,9,Warm-up,World's greatest stretch,1,5ea,-,
3/13/2026,Friday,Phase 2 - Max Strength,9,Main,KB Goblet Squat (32kg - pause),4,5,90s,2s bottom
3/13/2026,Friday,Phase 2 - Max Strength,9,Main,Ring Muscle-up Negative,4,3,120s,or pull+dip
3/13/2026,Friday,Phase 2 - Max Strength,9,Main,KB Single-Arm Press (24kg),4,5ea,90s,strict
3/13/2026,Friday,Phase 2 - Max Strength,9,Main,KB Sumo Deadlift (32kg),4,6,90s,
3/13/2026,Friday,Phase 2 - Max Strength,9,Main,Pallof Press Walk,3,8 steps ea,60s,ANTI-ROTATION
3/13/2026,Friday,Phase 2 - Max Strength,9,Main,Towel Chin-ups,3,5,90s,judo grip
3/13/2026,Friday,Phase 2 - Max Strength,9,Cool-down,Forearm stretch,1,30s ea,-,
3/13/2026,Friday,Phase 2 - Max Strength,9,Cool-down,Child's pose,1,60s,-,
3/15/2026,Sunday,Phase 2 - Max Strength,9,Warm-up,High knees,1,30s,-,
3/15/2026,Sunday,Phase 2 - Max Strength,9,Warm-up,KB Halo (16kg),1,10ea,-,
3/15/2026,Sunday,Phase 2 - Max Strength,9,Main,KB Swing (32kg),6,8,90s,max power
3/15/2026,Sunday,Phase 2 - Max Strength,9,Main,Ring L-Sit Dips,4,5,90s,or regular
3/15/2026,Sunday,Phase 2 - Max Strength,9,Main,KB Pistol to Box (24kg),3,4ea,120s,
3/15/2026,Sunday,Phase 2 - Max Strength,9,Main,Band Face Pull + External Rotate,3,12,45s,
3/15/2026,Sunday,Phase 2 - Max Strength,9,Main,Arch Body Hold,3,30s,45s,back strength
3/15/2026,Sunday,Phase 2 - Max Strength,9,Main,Band Uchi Komi (comp speed),5,8,60s,judo
3/15/2026,Sunday,Phase 2 - Max Strength,9,Cool-down,Pigeon stretch,1,30s ea,-,
3/15/2026,Sunday,Phase 2 - Max Strength,9,Cool-down,Deep breathing,1,60s,-,
3/18/2026,Wednesday,Phase 2 - DELOAD,10,Warm-up,Jump rope (light),1,2min,-,
3/18/2026,Wednesday,Phase 2 - DELOAD,10,Warm-up,Hip circles,1,10ea,-,
3/18/2026,Wednesday,Phase 2 - DELOAD,10,Main,Back Squat,2,5,120s,-20% load
3/18/2026,Wednesday,Phase 2 - DELOAD,10,Main,Bench Press,2,5,120s,-20% load
3/18/2026,Wednesday,Phase 2 - DELOAD,10,Main,Pull-up,2,5,90s,bodyweight
3/18/2026,Wednesday,Phase 2 - DELOAD,10,Main,Pallof Press,2,8ea,60s,ANTI-ROTATION
3/18/2026,Wednesday,Phase 2 - DELOAD,10,Mobility,Hip mobility circuit,1,5min,-,
3/18/2026,Wednesday,Phase 2 - DELOAD,10,Mobility,Thoracic rotations,1,5min,-,
3/20/2026,Friday,Phase 2 - DELOAD,10,Warm-up,Jumping jacks,1,1min,-,
3/20/2026,Friday,Phase 2 - DELOAD,10,Warm-up,Cat-cow,1,10,-,
3/20/2026,Friday,Phase 2 - DELOAD,10,Main,KB Goblet Squat (24kg),2,8,60s,
3/20/2026,Friday,Phase 2 - DELOAD,10,Main,Ring Rows,2,10,60s,
3/20/2026,Friday,Phase 2 - DELOAD,10,Main,KB Floor Press (2x16kg),2,8,60s,
3/20/2026,Friday,Phase 2 - DELOAD,10,Main,Dead Hang,2,30s,60s,grip
3/20/2026,Friday,Phase 2 - DELOAD,10,Mobility,Full body stretching,1,10min,-,
3/22/2026,Sunday,Phase 2 - DELOAD,10,Warm-up,Light movement,1,3min,-,
3/22/2026,Sunday,Phase 2 - DELOAD,10,Main,KB Swing (24kg),3,12,60s,easy
3/22/2026,Sunday,Phase 2 - DELOAD,10,Main,Ring Push-ups,2,10,60s,
3/22/2026,Sunday,Phase 2 - DELOAD,10,Main,Band Uchi Komi (smooth),3,15,60s,technique
3/22/2026,Sunday,Phase 2 - DELOAD,10,Mobility,Extended mobility + visualization,1,15min,-,
3/25/2026,Wednesday,Phase 3 - Power,11,Warm-up,Jump rope (fast intervals),1,2min,-,10s on/10s off
3/25/2026,Wednesday,Phase 3 - Power,11,Warm-up,Hip circles + leg swings,1,10ea,-,
3/25/2026,Wednesday,Phase 3 - Power,11,Warm-up,Squat jumps (no weight),1,5,-,explosive
3/25/2026,Wednesday,Phase 3 - Power,11,Warm-up,Med ball slam (light),1,5,-,prime CNS
3/25/2026,Wednesday,Phase 3 - Power,11,Warm-up,Band pull-aparts,1,15,-,
3/25/2026,Wednesday,Phase 3 - Power,11,Main,Power Clean,4,3,150s,POWER
3/25/2026,Wednesday,Phase 3 - Power,11,Main,Jump Squat (30% 1RM),4,5,120s,explosive
3/25/2026,Wednesday,Phase 3 - Power,11,Main,Bench Press Throw,4,5,120s,or clap pushup
3/25/2026,Wednesday,Phase 3 - Power,11,Main,Med Ball Rotational Throw,4,5ea,90s,ROTATION
3/25/2026,Wednesday,Phase 3 - Power,11,Main,Hanging Leg Raise,3,10,60s,core
3/25/2026,Wednesday,Phase 3 - Power,11,Cool-down,Hip flexor stretch,1,30s ea,-,
3/25/2026,Wednesday,Phase 3 - Power,11,Cool-down,Thoracic rotation stretch,1,30s ea,-,
3/25/2026,Wednesday,Phase 3 - Power,11,Cool-down,Lat stretch,1,30s ea,-,
3/25/2026,Wednesday,Phase 3 - Power,11,Cool-down,Deep breathing,1,60s,-,
3/27/2026,Friday,Phase 3 - Power,11,Warm-up,Jumping jacks,1,1min,-,
3/27/2026,Friday,Phase 3 - Power,11,Warm-up,World's greatest stretch,1,5ea,-,
3/27/2026,Friday,Phase 3 - Power,11,Warm-up,Ring support hold,1,20s,-,
3/27/2026,Friday,Phase 3 - Power,11,Main,KB Swing (32kg - explosive),5,8,90s,POWER
3/27/2026,Friday,Phase 3 - Power,11,Main,Ring Pull-ups (explosive),4,5,90s,fast
3/27/2026,Friday,Phase 3 - Power,11,Main,KB Push Press (2x24kg),4,5,90s,drive
3/27/2026,Friday,Phase 3 - Power,11,Main,KB Lateral Bound + Stick,3,5ea,90s,judo movement
3/27/2026,Friday,Phase 3 - Power,11,Main,Band Rotational Chop,3,10ea,60s,ROTATION
3/27/2026,Friday,Phase 3 - Power,11,Main,Gi Grip Explosive Pull (towel),4,5,90s,judo
3/27/2026,Friday,Phase 3 - Power,11,Cool-down,Forearm stretch,1,30s ea,-,
3/27/2026,Friday,Phase 3 - Power,11,Cool-down,Child's pose,1,60s,-,
3/29/2026,Sunday,Phase 3 - Power,11,Warm-up,High knees,1,30s,-,
3/29/2026,Sunday,Phase 3 - Power,11,Warm-up,Butt kicks,1,30s,-,
3/29/2026,Sunday,Phase 3 - Power,11,Warm-up,KB Halo (16kg),1,10ea,-,
3/29/2026,Sunday,Phase 3 - Power,11,Main,KB Snatch (24kg),5,5ea,90s,POWER
3/29/2026,Sunday,Phase 3 - Power,11,Main,Ring Dips (explosive),4,5,90s,fast
3/29/2026,Sunday,Phase 3 - Power,11,Main,KB Jump Squat (16kg),4,5,90s,explosive
3/29/2026,Sunday,Phase 3 - Power,11,Main,Band Uchi Komi (explosive snap),5,8,60s,judo
3/29/2026,Sunday,Phase 3 - Power,11,Main,Ring Anti-Rotation Hold,3,20s ea,60s,ANTI-ROTATION
3/29/2026,Sunday,Phase 3 - Power,11,Main,Band Hip Rotation (standing),3,10ea,60s,ROTATION
3/29/2026,Sunday,Phase 3 - Power,11,Cool-down,Pigeon stretch,1,30s ea,-,
3/29/2026,Sunday,Phase 3 - Power,11,Cool-down,Deep breathing,1,60s,-,
4/1/2026,Wednesday,Phase 3 - Power,12,Warm-up,Jump rope,1,2min,-,
4/1/2026,Wednesday,Phase 3 - Power,12,Warm-up,Dynamic stretches,1,3min,-,
4/1/2026,Wednesday,Phase 3 - Power,12,Main,Hang Clean,4,3,150s,POWER
4/1/2026,Wednesday,Phase 3 - Power,12,Main,Box Jump (step down),4,5,120s,max height
4/1/2026,Wednesday,Phase 3 - Power,12,Main,Push Press,4,4,120s,drive
4/1/2026,Wednesday,Phase 3 - Power,12,Main,Med Ball Scoop Toss,4,5,90s,hip power
4/1/2026,Wednesday,Phase 3 - Power,12,Main,Cable Woodchop (explosive),3,8ea,60s,ROTATION
4/1/2026,Wednesday,Phase 3 - Power,12,Main,Farmer's Walk (speed),3,30m,90s,grip
4/1/2026,Wednesday,Phase 3 - Power,12,Cool-down,Stretching,1,5min,-,
4/3/2026,Friday,Phase 3 - Power,12,Warm-up,Jumping jacks,1,1min,-,
4/3/2026,Friday,Phase 3 - Power,12,Warm-up,World's greatest stretch,1,5ea,-,
4/3/2026,Friday,Phase 3 - Power,12,Main,KB Clean (2x24kg),5,3,90s,POWER
4/3/2026,Friday,Phase 3 - Power,12,Main,Ring Rows (explosive pull),4,6,90s,fast
4/3/2026,Friday,Phase 3 - Power,12,Main,KB Thruster (2x16kg),4,5,90s,drive
4/3/2026,Friday,Phase 3 - Power,12,Main,KB Rotational Swing,3,8ea,90s,ROTATION
4/3/2026,Friday,Phase 3 - Power,12,Main,Ring Plank Hold (unstable),3,30s,60s,ANTI-ROTATION
4/3/2026,Friday,Phase 3 - Power,12,Main,Towel Pull-up (explosive),4,5,90s,judo
4/3/2026,Friday,Phase 3 - Power,12,Cool-down,Stretching,1,5min,-,
4/5/2026,Sunday,Phase 3 - Power,12,Warm-up,High knees,1,30s,-,
4/5/2026,Sunday,Phase 3 - Power,12,Warm-up,KB Halo (16kg),1,10ea,-,
4/5/2026,Sunday,Phase 3 - Power,12,Main,KB Swing (32kg - max power),6,6,90s,POWER
4/5/2026,Sunday,Phase 3 - Power,12,Main,Ring Push-up (clap if able),4,5,90s,explosive
4/5/2026,Sunday,Phase 3 - Power,12,Main,KB Split Squat Jump,4,4ea,90s,
4/5/2026,Sunday,Phase 3 - Power,12,Main,Band Uchi Komi (comp sim),5,10,60s,judo
4/5/2026,Sunday,Phase 3 - Power,12,Main,Band Rotational Press,3,8ea,60s,ROTATION
4/5/2026,Sunday,Phase 3 - Power,12,Main,Hollow to Arch Roll,3,8,45s,core
4/5/2026,Sunday,Phase 3 - Power,12,Cool-down,Stretching,1,5min,-,
4/8/2026,Wednesday,Phase 3 - Power,13,Warm-up,Jump rope,1,2min,-,
4/8/2026,Wednesday,Phase 3 - Power,13,Warm-up,Dynamic stretches,1,3min,-,
4/8/2026,Wednesday,Phase 3 - Power,13,Main,Power Clean + Push Press,4,2+2,180s,POWER
4/8/2026,Wednesday,Phase 3 - Power,13,Main,Depth Jump to Box,4,4,120s,reactive
4/8/2026,Wednesday,Phase 3 - Power,13,Main,Explosive Bench Press (50% 1RM),4,5,120s,speed
4/8/2026,Wednesday,Phase 3 - Power,13,Main,Landmine Rotational Press,4,5ea,90s,ROTATION
4/8/2026,Wednesday,Phase 3 - Power,13,Main,Hanging Windshield Wiper,3,6ea,60s,core
4/8/2026,Wednesday,Phase 3 - Power,13,Cool-down,Stretching,1,5min,-,
4/10/2026,Friday,Phase 3 - Power,13,Warm-up,Jumping jacks,1,1min,-,
4/10/2026,Friday,Phase 3 - Power,13,Warm-up,World's greatest stretch,1,5ea,-,
4/10/2026,Friday,Phase 3 - Power,13,Main,KB Snatch (24kg),5,5ea,90s,POWER
4/10/2026,Friday,Phase 3 - Power,13,Main,Ring Muscle-up Attempt,4,3,120s,or progression
4/10/2026,Friday,Phase 3 - Power,13,Main,KB Jerk (2x24kg),4,3,90s,drive
4/10/2026,Friday,Phase 3 - Power,13,Main,Lateral Bound (stick landing),4,5ea,90s,judo movement
4/10/2026,Friday,Phase 3 - Power,13,Main,Band Anti-Rotation Press,3,10ea,60s,ANTI-ROTATION
4/10/2026,Friday,Phase 3 - Power,13,Main,Gi Grip Row + Rotation,4,6ea,60s,judo
4/10/2026,Friday,Phase 3 - Power,13,Cool-down,Stretching,1,5min,-,
4/12/2026,Sunday,Phase 3 - Power,13,Warm-up,High knees,1,30s,-,
4/12/2026,Sunday,Phase 3 - Power,13,Warm-up,KB Halo (16kg),1,10ea,-,
4/12/2026,Sunday,Phase 3 - Power,13,Main,KB Swing (32kg - max height),5,8,90s,POWER
4/12/2026,Sunday,Phase 3 - Power,13,Main,Ring Dips (fast),4,6,90s,
4/12/2026,Sunday,Phase 3 - Power,13,Main,KB Broad Jump + Squat,4,4,90s,
4/12/2026,Sunday,Phase 3 - Power,13,Main,Band Uchi Komi (match simulation),6,8,45s,judo
4/12/2026,Sunday,Phase 3 - Power,13,Main,KB Rotational Clean,3,5ea,90s,ROTATION
4/12/2026,Sunday,Phase 3 - Power,13,Main,Side Plank Hip Lift,3,10ea,45s,core
4/12/2026,Sunday,Phase 3 - Power,13,Cool-down,Stretching,1,5min,-,
4/15/2026,Wednesday,Phase 3 - Power,14,Warm-up,Jump rope,1,2min,-,
4/15/2026,Wednesday,Phase 3 - Power,14,Warm-up,Dynamic stretches,1,3min,-,
4/15/2026,Wednesday,Phase 3 - Power,14,Main,Hang Clean,5,2,180s,85%+
4/15/2026,Wednesday,Phase 3 - Power,14,Main,Box Jump (max height),4,3,120s,peak power
4/15/2026,Wednesday,Phase 3 - Power,14,Main,Speed Bench (60% 1RM),5,3,90s,fast
4/15/2026,Wednesday,Phase 3 - Power,14,Main,Med Ball Rotational Wall Slam,4,5ea,90s,ROTATION
4/15/2026,Wednesday,Phase 3 - Power,14,Main,Heavy Farmer's Walk,3,40m,120s,grip
4/15/2026,Wednesday,Phase 3 - Power,14,Cool-down,Stretching,1,5min,-,
4/17/2026,Friday,Phase 3 - Power,14,Warm-up,Jumping jacks,1,1min,-,
4/17/2026,Friday,Phase 3 - Power,14,Warm-up,World's greatest stretch,1,5ea,-,
4/17/2026,Friday,Phase 3 - Power,14,Main,KB Snatch (24kg - fast),6,4ea,90s,POWER
4/17/2026,Friday,Phase 3 - Power,14,Main,Ring Pull-ups (explosive chest-to),4,4,90s,
4/17/2026,Friday,Phase 3 - Power,14,Main,KB Push Press (2x24kg),4,4,90s,
4/17/2026,Friday,Phase 3 - Power,14,Main,KB Pivot Lunge,3,5ea,90s,judo movement
4/17/2026,Friday,Phase 3 - Power,14,Main,Band Woodchop (fast),4,8ea,60s,ROTATION
4/17/2026,Friday,Phase 3 - Power,14,Main,Competition Grip Isometric,3,30s,60s,judo
4/17/2026,Friday,Phase 3 - Power,14,Cool-down,Stretching,1,5min,-,
4/19/2026,Sunday,Phase 3 - Power,14,Warm-up,High knees,1,30s,-,
4/19/2026,Sunday,Phase 3 - Power,14,Warm-up,KB Halo (16kg),1,10ea,-,
4/19/2026,Sunday,Phase 3 - Power,14,Main,KB Swing (32kg - comp power),5,6,90s,POWER
4/19/2026,Sunday,Phase 3 - Power,14,Main,Ring Dips (fast + controlled),4,5,90s,
4/19/2026,Sunday,Phase 3 - Power,14,Main,KB Jump Squat (24kg),4,4,90s,
4/19/2026,Sunday,Phase 3 - Power,14,Main,Band Uchi Komi (full speed),6,6,60s,judo
4/19/2026,Sunday,Phase 3 - Power,14,Main,Band Hip Rotation (explosive),4,8ea,60s,ROTATION
4/19/2026,Sunday,Phase 3 - Power,14,Main,Dead Bug (fast),3,10ea,45s,core
4/19/2026,Sunday,Phase 3 - Power,14,Cool-down,Stretching,1,5min,-,
4/22/2026,Wednesday,Phase 3 - DELOAD,15,Warm-up,Light jog,1,2min,-,
4/22/2026,Wednesday,Phase 3 - DELOAD,15,Warm-up,Dynamic stretches,1,3min,-,
4/22/2026,Wednesday,Phase 3 - DELOAD,15,Main,Power Clean,2,2,120s,70%
4/22/2026,Wednesday,Phase 3 - DELOAD,15,Main,Box Jump,2,3,120s,submaximal
4/22/2026,Wednesday,Phase 3 - DELOAD,15,Main,Bench Press,2,3,120s,70%
4/22/2026,Wednesday,Phase 3 - DELOAD,15,Main,Pallof Press,2,8ea,60s,ANTI-ROTATION
4/22/2026,Wednesday,Phase 3 - DELOAD,15,Mobility,Full mobility routine,1,10min,-,
4/22/2026,Wednesday,Phase 3 - DELOAD,15,Mobility,Competition visualization,1,10min,-,
4/24/2026,Friday,Phase 3 - DELOAD,15,Warm-up,Light movement,1,3min,-,
4/24/2026,Friday,Phase 3 - DELOAD,15,Main,KB Swing (24kg),3,10,60s,smooth
4/24/2026,Friday,Phase 3 - DELOAD,15,Main,Ring Rows,2,10,60s,
4/24/2026,Friday,Phase 3 - DELOAD,15,Main,KB Goblet Squat (24kg),2,8,60s,
4/24/2026,Friday,Phase 3 - DELOAD,15,Main,Band Uchi Komi (technique),3,12,60s,smooth
4/24/2026,Friday,Phase 3 - DELOAD,15,Mobility,Extended mobility + mental prep,1,15min,-,
4/26/2026,Sunday,Phase 3 - DELOAD,15,Warm-up,Light movement,1,3min,-,
4/26/2026,Sunday,Phase 3 - DELOAD,15,Main,KB Swing (16kg),3,10,60s,easy
4/26/2026,Sunday,Phase 3 - DELOAD,15,Main,Ring Push-ups,2,8,60s,
4/26/2026,Sunday,Phase 3 - DELOAD,15,Main,Light Band Uchi Komi,3,10,60s,technique
4/26/2026,Sunday,Phase 3 - DELOAD,15,Mobility,Extended mobility,1,15min,-,
4/26/2026,Sunday,Phase 3 - DELOAD,15,Mobility,Competition visualization,1,10min,-,
4/29/2026,Wednesday,Phase 4 - Taper,16,Warm-up,Light jog/jump rope,1,2min,-,
4/29/2026,Wednesday,Phase 4 - Taper,16,Warm-up,Dynamic stretches,1,3min,-,
4/29/2026,Wednesday,Phase 4 - Taper,16,Warm-up,Band activation,1,2min,-,
4/29/2026,Wednesday,Phase 4 - Taper,16,Main,Power Clean,3,2,120s,80%
4/29/2026,Wednesday,Phase 4 - Taper,16,Main,Back Squat,3,3,120s,75%
4/29/2026,Wednesday,Phase 4 - Taper,16,Main,Bench Press,3,3,120s,75%
4/29/2026,Wednesday,Phase 4 - Taper,16,Main,Pull-up,2,5,90s,bodyweight
4/29/2026,Wednesday,Phase 4 - Taper,16,Main,Pallof Press,2,8ea,60s,maintain
4/29/2026,Wednesday,Phase 4 - Taper,16,Cool-down,Full body stretch,1,5min,-,
4/29/2026,Wednesday,Phase 4 - Taper,16,Cool-down,Deep breathing/visualization,1,5min,-,competition
5/1/2026,Friday,Phase 4 - Taper,16,Warm-up,Light movement,1,3min,-,
5/1/2026,Friday,Phase 4 - Taper,16,Main,KB Swing (24kg),4,8,60s,crisp
5/1/2026,Friday,Phase 4 - Taper,16,Main,Ring Pull-ups,3,5,90s,
5/1/2026,Friday,Phase 4 - Taper,16,Main,KB Floor Press (2x16kg),3,6,60s,
5/1/2026,Friday,Phase 4 - Taper,16,Main,KB Goblet Squat (24kg),3,6,60s,
5/1/2026,Friday,Phase 4 - Taper,16,Main,Band Uchi Komi (technique perfect),4,10,60s,smooth
5/1/2026,Friday,Phase 4 - Taper,16,Cool-down,Mobility + visualization,1,10min,-,
5/3/2026,Sunday,Phase 4 - Taper,16,Warm-up,Light movement,1,3min,-,
5/3/2026,Sunday,Phase 4 - Taper,16,Main,KB Swing (24kg - crisp),4,8,60s,snap
5/3/2026,Sunday,Phase 4 - Taper,16,Main,Ring Dips,3,5,60s,
5/3/2026,Sunday,Phase 4 - Taper,16,Main,KB Reverse Lunge (16kg),3,6ea,60s,
5/3/2026,Sunday,Phase 4 - Taper,16,Main,Band Uchi Komi (comp mindset),4,8,60s,FOCUS
5/3/2026,Sunday,Phase 4 - Taper,16,Main,Light Core Circuit,2,30s,30s,each
5/3/2026,Sunday,Phase 4 - Taper,16,Cool-down,Extended mobility + visualization,1,15min,-,
5/6/2026,Wednesday,Phase 4 - Taper,17,Warm-up,Light movement,1,3min,-,
5/6/2026,Wednesday,Phase 4 - Taper,17,Main,Power Clean,2,2,120s,75%
5/6/2026,Wednesday,Phase 4 - Taper,17,Main,Back Squat,2,3,120s,70%
5/6/2026,Wednesday,Phase 4 - Taper,17,Main,Bench Press,2,3,120s,70%
5/6/2026,Wednesday,Phase 4 - Taper,17,Main,Pull-up,2,5,90s,easy
5/6/2026,Wednesday,Phase 4 - Taper,17,Mobility,Hip mobility circuit,1,5min,-,
5/6/2026,Wednesday,Phase 4 - Taper,17,Mobility,Shoulder mobility,1,5min,-,
5/6/2026,Wednesday,Phase 4 - Taper,17,Mobility,Competition visualization,1,10min,-,mental
5/8/2026,Friday,Phase 4 - Taper,17,Warm-up,Light movement,1,3min,-,
5/8/2026,Friday,Phase 4 - Taper,17,Main,KB Swing (16kg),3,10,60s,light
5/8/2026,Friday,Phase 4 - Taper,17,Main,Ring Rows,2,8,60s,
5/8/2026,Friday,Phase 4 - Taper,17,Main,KB Goblet Squat (16kg),2,8,60s,
5/8/2026,Friday,Phase 4 - Taper,17,Main,Band Uchi Komi (perfect form),3,10,60s,technique
5/8/2026,Friday,Phase 4 - Taper,17,Mobility,Extended mobility,1,15min,-,
5/10/2026,Sunday,Phase 4 - Taper,17,Warm-up,Light movement,1,3min,-,
5/10/2026,Sunday,Phase 4 - Taper,17,Main,KB Swing (16kg),3,8,60s,easy
5/10/2026,Sunday,Phase 4 - Taper,17,Main,Ring Push-ups,2,8,60s,
5/10/2026,Sunday,Phase 4 - Taper,17,Main,Light Band Uchi Komi,3,8,60s,smooth
5/10/2026,Sunday,Phase 4 - Taper,17,Mobility,Foam rolling full body,1,10min,-,
5/10/2026,Sunday,Phase 4 - Taper,17,Mobility,Static stretching,1,10min,-,
5/10/2026,Sunday,Phase 4 - Taper,17,Mobility,Breathing + visualization,1,10min,-,competition
5/13/2026,Wednesday,Phase 4 - Taper,18,Warm-up,Light movement,1,3min,-,
5/13/2026,Wednesday,Phase 4 - Taper,18,Main,Power Clean (light fast),2,2,120s,65%
5/13/2026,Wednesday,Phase 4 - Taper,18,Main,Box Jump (moderate),2,3,120s,crisp
5/13/2026,Wednesday,Phase 4 - Taper,18,Main,Bench Press,2,3,120s,65%
5/13/2026,Wednesday,Phase 4 - Taper,18,Main,Pull-up,2,5,90s,bodyweight
5/13/2026,Wednesday,Phase 4 - Taper,18,Mobility,Full mobility routine,1,15min,-,
5/13/2026,Wednesday,Phase 4 - Taper,18,Mobility,Competition visualization,1,10min,-,FOCUS
5/15/2026,Friday,Phase 4 - Taper,18,Warm-up,Light movement,1,3min,-,
5/15/2026,Friday,Phase 4 - Taper,18,Main,KB Swing (16kg - crisp),3,8,60s,snap
5/15/2026,Friday,Phase 4 - Taper,18,Main,Ring Rows,2,8,60s,easy
5/15/2026,Friday,Phase 4 - Taper,18,Main,Band Uchi Komi (perfect technique),3,8,60s,MENTAL
5/15/2026,Friday,Phase 4 - Taper,18,Mobility,Full body mobility,1,15min,-,
5/15/2026,Friday,Phase 4 - Taper,18,Mobility,Competition visualization,1,15min,-,IPPON
5/17/2026,Sunday,Phase 4 - Taper,18,Warm-up,Light movement,1,3min,-,
5/17/2026,Sunday,Phase 4 - Taper,18,Main,KB Swing (16kg - perfect),2,8,60s,crisp
5/17/2026,Sunday,Phase 4 - Taper,18,Main,Ring Push-ups,2,6,60s,easy
5/17/2026,Sunday,Phase 4 - Taper,18,Main,Light Band Uchi Komi,2,8,60s,smooth
5/17/2026,Sunday,Phase 4 - Taper,18,Mobility,Full body foam rolling,1,10min,-,
5/17/2026,Sunday,Phase 4 - Taper,18,Mobility,Comprehensive stretching,1,15min,-,
5/17/2026,Sunday,Phase 4 - Taper,18,Mobility,Mental rehearsal + breathing,1,10min,-,READY
5/20/2026,Wednesday,Phase 4 - Competition Week,19,Warm-up,Jump rope (light),1,2min,-,
5/20/2026,Wednesday,Phase 4 - Competition Week,19,Warm-up,Dynamic mobility,1,3min,-,
5/20/2026,Wednesday,Phase 4 - Competition Week,19,Main,Box Jump (submaximal),2,2,120s,crisp
5/20/2026,Wednesday,Phase 4 - Competition Week,19,Main,Med Ball Slam (light),2,3,60s,snap
5/20/2026,Wednesday,Phase 4 - Competition Week,19,Main,Explosive Pull-up,2,2,90s,fast
5/20/2026,Wednesday,Phase 4 - Competition Week,19,Mobility,Light mobility,1,10min,-,
5/20/2026,Wednesday,Phase 4 - Competition Week,19,Mobility,Equipment check/mental prep,1,10min,-,
5/20/2026,Wednesday,Phase 4 - Competition Week,19,Mobility,Competition visualization,1,10min,-,WIN
5/21/2026,Thursday,Phase 4 - Competition Week,19,Rest,COMPLETE REST,-,-,-,Hydration/nutrition/sleep/mental only
5/22/2026,Friday,COMPETITION DAY,19,Pre-comp,Light jog,1,5min,-,Arrive 90+ min early
5/22/2026,Friday,COMPETITION DAY,19,Pre-comp,Dynamic stretching,1,10min,-,
5/22/2026,Friday,COMPETITION DAY,19,Pre-comp,Band pull-aparts,2,15,-,
5/22/2026,Friday,COMPETITION DAY,19,Pre-comp,Explosive movements,1,5min,-,jumping/sprawls
5/22/2026,Friday,COMPETITION DAY,19,Pre-comp,Uchi komi with partner,1,10min,-,build intensity
5/22/2026,Friday,COMPETITION DAY,19,Pre-comp,Rest before first match,-,15-20min,-,TRUST YOUR TRAINING
